Workbook

Sheet ΡΑΝΤΕΒΟΥ
A1: ΕΛΑΙΟΥΡΓΕΙΟ - ΛΙΣΤΑ ΚΑΤΑΧΩΡΙΣΗΣ ΡΑΝΤΕΒΟΥ
A2: Α/Α Ραντεβού | B2: Ημερομηνία | C2: Ώρα | D2: Ονοματεπώνυμο Παραγωγού | E2: Τηλέφωνο | F2: Πινακίδα | G2: Ποσότητα Ελιάς (kg) | H2: Απαιτούμενα Μηχανήματα | I2: Κατάσταση | J2: Σημειώσεις
A3: 1 | B3: 46310 | C3: 08:00 | D3: Mike Oxlong | E3: xxxxxxx | F3: KHK 1234 | G3: 600 | H3: =IF(ISNUMBER(G3), INT((G3+ΡΥΘΜΙΣΕΙΣ!$B$5-1)/ΡΥΘΜΙΣΕΙΣ!$B$5), "") -> 1 | I3: Σε αναμονή
A4: 2 | B4: 46310 | C4: 08:00 | D4: Mike Oxlong | E4: xxxxxxx | F4: KHM 5678 | G4: 1200 | H4: =IF(ISNUMBER(G4), INT((G4+ΡΥΘΜΙΣΕΙΣ!$B$5-1)/ΡΥΘΜΙΣΕΙΣ!$B$5), "") -> 2 | I4: =IF(AND(ISNUMBER(G4), B4<>"", C4<>""), IF(SUMIFS($G$3:$G$102,$B$3:$B$102,B4,$C$3:$C$102,C4)>ΡΥΘΜΙΣΕΙΣ!$B$8,"ΠΡΟΣΟΧΗ: ΥΠΕΡΒΑΣΗ ΧΩΡΗΤΙΚΟΤΗΤΑΣ","Σε αναμονή"), "") -> Σε αναμονή
A5: 3 | B5: 46310 | C5: 10:00 | D5: Mike Oxlong | E5: xxxxxxx | F5: KHN 9012 | G5: 1800 | H5: =IF(ISNUMBER(G5), INT((G5+ΡΥΘΜΙΣΕΙΣ!$B$5-1)/ΡΥΘΜΙΣΕΙΣ!$B$5), "") -> 3 | I5: =IF(AND(ISNUMBER(G5), B5<>"", C5<>""), IF(SUMIFS($G$3:$G$102,$B$3:$B$102,B5,$C$3:$C$102,C5)>ΡΥΘΜΙΣΕΙΣ!$B$8,"ΠΡΟΣΟΧΗ: ΥΠΕΡΒΑΣΗ ΧΩΡΗΤΙΚΟΤΗΤΑΣ","Σε αναμονή"), "") -> ΠΡΟΣΟΧΗ: ΥΠΕΡΒΑΣΗ ΧΩΡΗΤΙΚΟΤΗΤΑΣ
A6: 4 | B6: 46310 | C6: 10:00 | D6: Mike Oxlong | E6: xxxxxxx | F6: KHP 3456 | G6: 2000 | H6: =IF(ISNUMBER(G6), INT((G6+ΡΥΘΜΙΣΕΙΣ!$B$5-1)/ΡΥΘΜΙΣΕΙΣ!$B$5), "") -> 4 | I6: =IF(AND(ISNUMBER(G6), B6<>"", C6<>""), IF(SUMIFS($G$3:$G$102,$B$3:$B$102,B6,$C$3:$C$102,C6)>ΡΥΘΜΙΣΕΙΣ!$B$8,"ΠΡΟΣΟΧΗ: ΥΠΕΡΒΑΣΗ ΧΩΡΗΤΙΚΟΤΗΤΑΣ","Σε αναμονή"), "") -> ΠΡΟΣΟΧΗ: ΥΠΕΡΒΑΣΗ ΧΩΡΗΤΙΚΟΤΗΤΑΣ
A7: 5 | B7: 46310 | C7: 10:00 | D7: Mike Oxlong | E7: xxxxxxx | F7: KHR 7890 | G7: 1500 | H7: =IF(ISNUMBER(G7), INT((G7+ΡΥΘΜΙΣΕΙΣ!$B$5-1)/ΡΥΘΜΙΣΕΙΣ!$B$5), "") -> 3 | I7: =IF(AND(ISNUMBER(G7), B7<>"", C7<>""), IF(SUMIFS($G$3:$G$102,$B$3:$B$102,B7,$C$3:$C$102,C7)>ΡΥΘΜΙΣΕΙΣ!$B$8,"ΠΡΟΣΟΧΗ: ΥΠΕΡΒΑΣΗ ΧΩΡΗΤΙΚΟΤΗΤΑΣ","Σε αναμονή"), "") -> ΠΡΟΣΟΧΗ: ΥΠΕΡΒΑΣΗ ΧΩΡΗΤΙΚΟΤΗΤΑΣ
A8: 6 | B8: 46310 | C8: 12:00 | D8: Mike Oxlong | E8: xxxxxxx | F8: KHT 2345 | G8: 600 | H8: =IF(ISNUMBER(G8), INT((G8+ΡΥΘΜΙΣΕΙΣ!$B$5-1)/ΡΥΘΜΙΣΕΙΣ!$B$5), "") -> 1 | I8: =IF(AND(ISNUMBER(G8), B8<>"", C8<>""), IF(SUMIFS($G$3:$G$102,$B$3:$B$102,B8,$C$3:$C$102,C8)>ΡΥΘΜΙΣΕΙΣ!$B$8,"ΠΡΟΣΟΧΗ: ΥΠΕΡΒΑΣΗ ΧΩΡΗΤΙΚΟΤΗΤΑΣ","Σε αναμονή"), "") -> Σε αναμονή
A9: 7 | B9: 46310 | C9: 14:00 | D9: Mike Oxlong | E9: xxxxxxx | F9: KHX 6789 | G9: 4000 | H9: =IF(ISNUMBER(G9), INT((G9+ΡΥΘΜΙΣΕΙΣ!$B$5-1)/ΡΥΘΜΙΣΕΙΣ!$B$5), "") -> 7 | I9: =IF(AND(ISNUMBER(G9), B9<>"", C9<>""), IF(SUMIFS($G$3:$G$102,$B$3:$B$102,B9,$C$3:$C$102,C9)>ΡΥΘΜΙΣΕΙΣ!$B$8,"ΠΡΟΣΟΧΗ: ΥΠΕΡΒΑΣΗ ΧΩΡΗΤΙΚΟΤΗΤΑΣ","Σε αναμονή"), "") -> Σε αναμονή
A10: 8 | B10: 46310 | C10: 14:00 | D10: Mike Oxlong | E10: xxxxxxx | G10: 150 | H10: =IF(ISNUMBER(G10), INT((G10+ΡΥΘΜΙΣΕΙΣ!$B$5-1)/ΡΥΘΜΙΣΕΙΣ!$B$5), "") -> 1 | I10: =IF(AND(ISNUMBER(G10), B10<>"", C10<>""), IF(SUMIFS($G$3:$G$102,$B$3:$B$102,B10,$C$3:$C$102,C10)>ΡΥΘΜΙΣΕΙΣ!$B$8,"ΠΡΟΣΟΧΗ: ΥΠΕΡΒΑΣΗ ΧΩΡΗΤΙΚΟΤΗΤΑΣ","Σε αναμονή"), "") -> Σε αναμονή
A11: 9 | B11: 46311 | C11: 08:00 | D11: Mike Oxlong | E11: xxxxxxx | F11: jhgs | G11: 2200 | H11: =IF(ISNUMBER(G11), INT((G11+ΡΥΘΜΙΣΕΙΣ!$B$5-1)/ΡΥΘΜΙΣΕΙΣ!$B$5), "") -> 4 | I11: =IF(AND(ISNUMBER(G11), B11<>"", C11<>""), IF(SUMIFS($G$3:$G$102,$B$3:$B$102,B11,$C$3:$C$102,C11)>ΡΥΘΜΙΣΕΙΣ!$B$8,"ΠΡΟΣΟΧΗ: ΥΠΕΡΒΑΣΗ ΧΩΡΗΤΙΚΟΤΗΤΑΣ","Σε αναμονή"), "") -> Σε αναμονή
A12: 10 | B12: 46311 | C12: 08:00 | D12: Mike Oxlong | E12: xxxxxxx | F12: KBX HY12 | G12: 1000 | H12: =IF(ISNUMBER(G12), INT((G12+ΡΥΘΜΙΣΕΙΣ!$B$5-1)/ΡΥΘΜΙΣΕΙΣ!$B$5), "") -> 2 | I12: =IF(AND(ISNUMBER(G12), B12<>"", C12<>""), IF(SUMIFS($G$3:$G$102,$B$3:$B$102,B12,$C$3:$C$102,C12)>ΡΥΘΜΙΣΕΙΣ!$B$8,"ΠΡΟΣΟΧΗ: ΥΠΕΡΒΑΣΗ ΧΩΡΗΤΙΚΟΤΗΤΑΣ","Σε αναμονή"), "") -> Σε αναμονή
A13: 11 | B13: 46312 | C13: 10:00 | D13: Mike Oxlong | E13: xxxxxxx | F13: kbx0254 | G13: 1450 | H13: =IF(ISNUMBER(G13), INT((G13+ΡΥΘΜΙΣΕΙΣ!$B$5-1)/ΡΥΘΜΙΣΕΙΣ!$B$5), "") -> 3 | I13: =IF(AND(ISNUMBER(G13), B13<>"", C13<>""), IF(SUMIFS($G$3:$G$102,$B$3:$B$102,B13,$C$3:$C$102,C13)>ΡΥΘΜΙΣΕΙΣ!$B$8,"ΠΡΟΣΟΧΗ: ΥΠΕΡΒΑΣΗ ΧΩΡΗΤΙΚΟΤΗΤΑΣ","Σε αναμονή"), "") -> Σε αναμονή
A14: 12 | B14: 46312 | C14: 12:00 | D14: Mike Oxlong | E14: xxxxxxx | F14: kbx2208 | G14: 4000 | H14: =IF(ISNUMBER(G14), INT((G14+ΡΥΘΜΙΣΕΙΣ!$B$5-1)/ΡΥΘΜΙΣΕΙΣ!$B$5), "") -> 7 | I14: =IF(AND(ISNUMBER(G14), B14<>"", C14<>""), IF(SUMIFS($G$3:$G$102,$B$3:$B$102,B14,$C$3:$C$102,C14)>ΡΥΘΜΙΣΕΙΣ!$B$8,"ΠΡΟΣΟΧΗ: ΥΠΕΡΒΑΣΗ ΧΩΡΗΤΙΚΟΤΗΤΑΣ","Σε αναμονή"), "") -> Σε αναμονή
A15: 13 | H15: =IF(ISNUMBER(G15), INT((G15+ΡΥΘΜΙΣΕΙΣ!$B$5-1)/ΡΥΘΜΙΣΕΙΣ!$B$5), "") | I15: =IF(AND(ISNUMBER(G15), B15<>"", C15<>""), IF(SUMIFS($G$3:$G$102,$B$3:$B$102,B15,$C$3:$C$102,C15)>ΡΥΘΜΙΣΕΙΣ!$B$8,"ΠΡΟΣΟΧΗ: ΥΠΕΡΒΑΣΗ ΧΩΡΗΤΙΚΟΤΗΤΑΣ","Σε αναμονή"), "")
A16: 14 | H16: =IF(ISNUMBER(G16), INT((G16+ΡΥΘΜΙΣΕΙΣ!$B$5-1)/ΡΥΘΜΙΣΕΙΣ!$B$5), "") | I16: =IF(AND(ISNUMBER(G16), B16<>"", C16<>""), IF(SUMIFS($G$3:$G$102,$B$3:$B$102,B16,$C$3:$C$102,C16)>ΡΥΘΜΙΣΕΙΣ!$B$8,"ΠΡΟΣΟΧΗ: ΥΠΕΡΒΑΣΗ ΧΩΡΗΤΙΚΟΤΗΤΑΣ","Σε αναμονή"), "")
A17: 15 | H17: =IF(ISNUMBER(G17), INT((G17+ΡΥΘΜΙΣΕΙΣ!$B$5-1)/ΡΥΘΜΙΣΕΙΣ!$B$5), "") | I17: =IF(AND(ISNUMBER(G17), B17<>"", C17<>""), IF(SUMIFS($G$3:$G$102,$B$3:$B$102,B17,$C$3:$C$102,C17)>ΡΥΘΜΙΣΕΙΣ!$B$8,"ΠΡΟΣΟΧΗ: ΥΠΕΡΒΑΣΗ ΧΩΡΗΤΙΚΟΤΗΤΑΣ","Σε αναμονή"), "")
A18: 16 | H18: =IF(ISNUMBER(G18), INT((G18+ΡΥΘΜΙΣΕΙΣ!$B$5-1)/ΡΥΘΜΙΣΕΙΣ!$B$5), "") | I18: =IF(AND(ISNUMBER(G18), B18<>"", C18<>""), IF(SUMIFS($G$3:$G$102,$B$3:$B$102,B18,$C$3:$C$102,C18)>ΡΥΘΜΙΣΕΙΣ!$B$8,"ΠΡΟΣΟΧΗ: ΥΠΕΡΒΑΣΗ ΧΩΡΗΤΙΚΟΤΗΤΑΣ","Σε αναμονή"), "")
A19: 17 | H19: =IF(ISNUMBER(G19), INT((G19+ΡΥΘΜΙΣΕΙΣ!$B$5-1)/ΡΥΘΜΙΣΕΙΣ!$B$5), "") | I19: =IF(AND(ISNUMBER(G19), B19<>"", C19<>""), IF(SUMIFS($G$3:$G$102,$B$3:$B$102,B19,$C$3:$C$102,C19)>ΡΥΘΜΙΣΕΙΣ!$B$8,"ΠΡΟΣΟΧΗ: ΥΠΕΡΒΑΣΗ ΧΩΡΗΤΙΚΟΤΗΤΑΣ","Σε αναμονή"), "")
A20: 18 | H20: =IF(ISNUMBER(G20), INT((G20+ΡΥΘΜΙΣΕΙΣ!$B$5-1)/ΡΥΘΜΙΣΕΙΣ!$B$5), "") | I20: =IF(AND(ISNUMBER(G20), B20<>"", C20<>""), IF(SUMIFS($G$3:$G$102,$B$3:$B$102,B20,$C$3:$C$102,C20)>ΡΥΘΜΙΣΕΙΣ!$B$8,"ΠΡΟΣΟΧΗ: ΥΠΕΡΒΑΣΗ ΧΩΡΗΤΙΚΟΤΗΤΑΣ","Σε αναμονή"), "")
A21: 19 | H21: =IF(ISNUMBER(G21), INT((G21+ΡΥΘΜΙΣΕΙΣ!$B$5-1)/ΡΥΘΜΙΣΕΙΣ!$B$5), "") | I21: =IF(AND(ISNUMBER(G21), B21<>"", C21<>""), IF(SUMIFS($G$3:$G$102,$B$3:$B$102,B21,$C$3:$C$102,C21)>ΡΥΘΜΙΣΕΙΣ!$B$8,"ΠΡΟΣΟΧΗ: ΥΠΕΡΒΑΣΗ ΧΩΡΗΤΙΚΟΤΗΤΑΣ","Σε αναμονή"), "")
A22: 20 | H22: =IF(ISNUMBER(G22), INT((G22+ΡΥΘΜΙΣΕΙΣ!$B$5-1)/ΡΥΘΜΙΣΕΙΣ!$B$5), "") | I22: =IF(AND(ISNUMBER(G22), B22<>"", C22<>""), IF(SUMIFS($G$3:$G$102,$B$3:$B$102,B22,$C$3:$C$102,C22)>ΡΥΘΜΙΣΕΙΣ!$B$8,"ΠΡΟΣΟΧΗ: ΥΠΕΡΒΑΣΗ ΧΩΡΗΤΙΚΟΤΗΤΑΣ","Σε αναμονή"), "")
A23: 21 | H23: =IF(ISNUMBER(G23), INT((G23+ΡΥΘΜΙΣΕΙΣ!$B$5-1)/ΡΥΘΜΙΣΕΙΣ!$B$5), "") | I23: =IF(AND(ISNUMBER(G23), B23<>"", C23<>""), IF(SUMIFS($G$3:$G$102,$B$3:$B$102,B23,$C$3:$C$102,C23)>ΡΥΘΜΙΣΕΙΣ!$B$8,"ΠΡΟΣΟΧΗ: ΥΠΕΡΒΑΣΗ ΧΩΡΗΤΙΚΟΤΗΤΑΣ","Σε αναμονή"), "")
A24: 22 | H24: =IF(ISNUMBER(G24), INT((G24+ΡΥΘΜΙΣΕΙΣ!$B$5-1)/ΡΥΘΜΙΣΕΙΣ!$B$5), "") | I24: =IF(AND(ISNUMBER(G24), B24<>"", C24<>""), IF(SUMIFS($G$3:$G$102,$B$3:$B$102,B24,$C$3:$C$102,C24)>ΡΥΘΜΙΣΕΙΣ!$B$8,"ΠΡΟΣΟΧΗ: ΥΠΕΡΒΑΣΗ ΧΩΡΗΤΙΚΟΤΗΤΑΣ","Σε αναμονή"), "")
A25: 23 | H25: =IF(ISNUMBER(G25), INT((G25+ΡΥΘΜΙΣΕΙΣ!$B$5-1)/ΡΥΘΜΙΣΕΙΣ!$B$5), "") | I25: =IF(AND(ISNUMBER(G25), B25<>"", C25<>""), IF(SUMIFS($G$3:$G$102,$B$3:$B$102,B25,$C$3:$C$102,C25)>ΡΥΘΜΙΣΕΙΣ!$B$8,"ΠΡΟΣΟΧΗ: ΥΠΕΡΒΑΣΗ ΧΩΡΗΤΙΚΟΤΗΤΑΣ","Σε αναμονή"), "")
A26: 24 | H26: =IF(ISNUMBER(G26), INT((G26+ΡΥΘΜΙΣΕΙΣ!$B$5-1)/ΡΥΘΜΙΣΕΙΣ!$B$5), "") | I26: =IF(AND(ISNUMBER(G26), B26<>"", C26<>""), IF(SUMIFS($G$3:$G$102,$B$3:$B$102,B26,$C$3:$C$102,C26)>ΡΥΘΜΙΣΕΙΣ!$B$8,"ΠΡΟΣΟΧΗ: ΥΠΕΡΒΑΣΗ ΧΩΡΗΤΙΚΟΤΗΤΑΣ","Σε αναμονή"), "")
... A102: 100 | H102: =IF(ISNUMBER(G102), INT((G102+ΡΥΘΜΙΣΕΙΣ!$B$5-1)/ΡΥΘΜΙΣΕΙΣ!$B$5), "") | I102: =IF(AND(ISNUMBER(G102), B102<>"", C102<>""), IF(SUMIFS($G$3:$G$102,$B$3:$B$102,B102,$C$3:$C$102,C102)>ΡΥΘΜΙΣΕΙΣ!$B$8,"ΠΡΟΣΟΧΗ: ΥΠΕΡΒΑΣΗ ΧΩΡΗΤΙΚΟΤΗΤΑΣ","Σε αναμονή"), "")

Sheet ΗΜΕΡΗΣΙΟ ΠΡΟΓΡΑΜΜΑ
A1: ΗΜΕΡΗΣΙΟ ΠΡΟΓΡΑΜΜΑ ΕΚΘΛΙΨΗΣ & ΧΩΡΗΤΙΚΟΤΗΤΑΣ
A2: ΕΠΙΛΕΓΜΕΝΗ ΗΜΕΡΟΜΗΝΙΑ: | B2: 46310 | D2: 💡 Σημείωση: Αλλάξτε την ημερομηνία για να δείτε τη διαθεσιμότητα της ημέρας.
A4: Χρονικό Διάστημα | B4: Σύνολο Ραντεβού | C4: Σύνολο Ελιών (kg) | D4: Μηχανήματα σε Χρήση | E4: Χρήση Χωρητικότητας (%) | F4: Κατάσταση Slot
A5: 00:00 - 02:00 | B5: =COUNTIFS(ΡΑΝΤΕΒΟΥ!$B$3:$B$102, $B$2, ΡΑΝΤΕΒΟΥ!$C$3:$C$102, "00:00", ΡΑΝΤΕΒΟΥ!$I$3:$I$102, "<>Ακυρώθηκε") -> 0 | C5: =SUMIFS(ΡΑΝΤΕΒΟΥ!$G$3:$G$102, ΡΑΝΤΕΒΟΥ!$B$3:$B$102, $B$2, ΡΑΝΤΕΒΟΥ!$C$3:$C$102, "00:00", ΡΑΝΤΕΒΟΥ!$I$3:$I$102, "<>Ακυρώθηκε") -> 0 | D5: =IF(C5>0, INT((C5+ΡΥΘΜΙΣΕΙΣ!$B$5-1)/ΡΥΘΜΙΣΕΙΣ!$B$5), 0) -> 0 | E5: =C5/ΡΥΘΜΙΣΕΙΣ!$B$8 -> 0 | F5: =IF(C5>ΡΥΘΜΙΣΕΙΣ!$B$8, "ΥΠΕΡΒΑΣΗ ΧΩΡΗΤΙΚΟΤΗΤΑΣ", "ΚΑΝΟΝΙΚΟ") -> ΚΑΝΟΝΙΚΟ
A6: 02:00 - 04:00 | B6: =COUNTIFS(ΡΑΝΤΕΒΟΥ!$B$3:$B$102, $B$2, ΡΑΝΤΕΒΟΥ!$C$3:$C$102, "02:00", ΡΑΝΤΕΒΟΥ!$I$3:$I$102, "<>Ακυρώθηκε") -> 0 | C6: =SUMIFS(ΡΑΝΤΕΒΟΥ!$G$3:$G$102, ΡΑΝΤΕΒΟΥ!$B$3:$B$102, $B$2, ΡΑΝΤΕΒΟΥ!$C$3:$C$102, "02:00", ΡΑΝΤΕΒΟΥ!$I$3:$I$102, "<>Ακυρώθηκε") -> 0 | D6: =IF(C6>0, INT((C6+ΡΥΘΜΙΣΕΙΣ!$B$5-1)/ΡΥΘΜΙΣΕΙΣ!$B$5), 0) -> 0 | E6: =C6/ΡΥΘΜΙΣΕΙΣ!$B$8 -> 0 | F6: =IF(C6>ΡΥΘΜΙΣΕΙΣ!$B$8, "ΥΠΕΡΒΑΣΗ ΧΩΡΗΤΙΚΟΤΗΤΑΣ", "ΚΑΝΟΝΙΚΟ") -> ΚΑΝΟΝΙΚΟ
A7: 04:00 - 06:00 | B7: =COUNTIFS(ΡΑΝΤΕΒΟΥ!$B$3:$B$102, $B$2, ΡΑΝΤΕΒΟΥ!$C$3:$C$102, "04:00", ΡΑΝΤΕΒΟΥ!$I$3:$I$102, "<>Ακυρώθηκε") -> 0 | C7: =SUMIFS(ΡΑΝΤΕΒΟΥ!$G$3:$G$102, ΡΑΝΤΕΒΟΥ!$B$3:$B$102, $B$2, ΡΑΝΤΕΒΟΥ!$C$3:$C$102, "04:00", ΡΑΝΤΕΒΟΥ!$I$3:$I$102, "<>Ακυρώθηκε") -> 0 | D7: =IF(C7>0, INT((C7+ΡΥΘΜΙΣΕΙΣ!$B$5-1)/ΡΥΘΜΙΣΕΙΣ!$B$5), 0) -> 0 | E7: =C7/ΡΥΘΜΙΣΕΙΣ!$B$8 -> 0 | F7: =IF(C7>ΡΥΘΜΙΣΕΙΣ!$B$8, "ΥΠΕΡΒΑΣΗ ΧΩΡΗΤΙΚΟΤΗΤΑΣ", "ΚΑΝΟΝΙΚΟ") -> ΚΑΝΟΝΙΚΟ
A8: 06:00 - 08:00 | B8: =COUNTIFS(ΡΑΝΤΕΒΟΥ!$B$3:$B$102, $B$2, ΡΑΝΤΕΒΟΥ!$C$3:$C$102, "06:00", ΡΑΝΤΕΒΟΥ!$I$3:$I$102, "<>Ακυρώθηκε") -> 0 | C8: =SUMIFS(ΡΑΝΤΕΒΟΥ!$G$3:$G$102, ΡΑΝΤΕΒΟΥ!$B$3:$B$102, $B$2, ΡΑΝΤΕΒΟΥ!$C$3:$C$102, "06:00", ΡΑΝΤΕΒΟΥ!$I$3:$I$102, "<>Ακυρώθηκε") -> 0 | D8: =IF(C8>0, INT((C8+ΡΥΘΜΙΣΕΙΣ!$B$5-1)/ΡΥΘΜΙΣΕΙΣ!$B$5), 0) -> 0 | E8: =C8/ΡΥΘΜΙΣΕΙΣ!$B$8 -> 0 | F8: =IF(C8>ΡΥΘΜΙΣΕΙΣ!$B$8, "ΥΠΕΡΒΑΣΗ ΧΩΡΗΤΙΚΟΤΗΤΑΣ", "ΚΑΝΟΝΙΚΟ") -> ΚΑΝΟΝΙΚΟ
A9: 08:00 - 10:00 | B9: =COUNTIFS(ΡΑΝΤΕΒΟΥ!$B$3:$B$102, $B$2, ΡΑΝΤΕΒΟΥ!$C$3:$C$102, "08:00", ΡΑΝΤΕΒΟΥ!$I$3:$I$102, "<>Ακυρώθηκε") -> 2 | C9: =SUMIFS(ΡΑΝΤΕΒΟΥ!$G$3:$G$102, ΡΑΝΤΕΒΟΥ!$B$3:$B$102, $B$2, ΡΑΝΤΕΒΟΥ!$C$3:$C$102, "08:00", ΡΑΝΤΕΒΟΥ!$I$3:$I$102, "<>Ακυρώθηκε") -> 1800 | D9: =IF(C9>0, INT((C9+ΡΥΘΜΙΣΕΙΣ!$B$5-1)/ΡΥΘΜΙΣΕΙΣ!$B$5), 0) -> 3 | E9: =C9/ΡΥΘΜΙΣΕΙΣ!$B$8 -> 0.42857143 | F9: =IF(C9>ΡΥΘΜΙΣΕΙΣ!$B$8, "ΥΠΕΡΒΑΣΗ ΧΩΡΗΤΙΚΟΤΗΤΑΣ", "ΚΑΝΟΝΙΚΟ") -> ΚΑΝΟΝΙΚΟ
A10: 10:00 - 12:00 | B10: =COUNTIFS(ΡΑΝΤΕΒΟΥ!$B$3:$B$102, $B$2, ΡΑΝΤΕΒΟΥ!$C$3:$C$102, "10:00", ΡΑΝΤΕΒΟΥ!$I$3:$I$102, "<>Ακυρώθηκε") -> 3 | C10: =SUMIFS(ΡΑΝΤΕΒΟΥ!$G$3:$G$102, ΡΑΝΤΕΒΟΥ!$B$3:$B$102, $B$2, ΡΑΝΤΕΒΟΥ!$C$3:$C$102, "10:00", ΡΑΝΤΕΒΟΥ!$I$3:$I$102, "<>Ακυρώθηκε") -> 5300 | D10: =IF(C10>0, INT((C10+ΡΥΘΜΙΣΕΙΣ!$B$5-1)/ΡΥΘΜΙΣΕΙΣ!$B$5), 0) -> 9 | E10: =C10/ΡΥΘΜΙΣΕΙΣ!$B$8 -> 1.2619048 | F10: =IF(C10>ΡΥΘΜΙΣΕΙΣ!$B$8, "ΥΠΕΡΒΑΣΗ ΧΩΡΗΤΙΚΟΤΗΤΑΣ", "ΚΑΝΟΝΙΚΟ") -> ΥΠΕΡΒΑΣΗ ΧΩΡΗΤΙΚΟΤΗΤΑΣ
A11: 12:00 - 14:00 | B11: =COUNTIFS(ΡΑΝΤΕΒΟΥ!$B$3:$B$102, $B$2, ΡΑΝΤΕΒΟΥ!$C$3:$C$102, "12:00", ΡΑΝΤΕΒΟΥ!$I$3:$I$102, "<>Ακυρώθηκε") -> 1 | C11: =SUMIFS(ΡΑΝΤΕΒΟΥ!$G$3:$G$102, ΡΑΝΤΕΒΟΥ!$B$3:$B$102, $B$2, ΡΑΝΤΕΒΟΥ!$C$3:$C$102, "12:00", ΡΑΝΤΕΒΟΥ!$I$3:$I$102, "<>Ακυρώθηκε") -> 600 | D11: =IF(C11>0, INT((C11+ΡΥΘΜΙΣΕΙΣ!$B$5-1)/ΡΥΘΜΙΣΕΙΣ!$B$5), 0) -> 1 | E11: =C11/ΡΥΘΜΙΣΕΙΣ!$B$8 -> 0.14285714 | F11: =IF(C11>ΡΥΘΜΙΣΕΙΣ!$B$8, "ΥΠΕΡΒΑΣΗ ΧΩΡΗΤΙΚΟΤΗΤΑΣ", "ΚΑΝΟΝΙΚΟ") -> ΚΑΝΟΝΙΚΟ
A12: 14:00 - 16:00 | B12: =COUNTIFS(ΡΑΝΤΕΒΟΥ!$B$3:$B$102, $B$2, ΡΑΝΤΕΒΟΥ!$C$3:$C$102, "14:00", ΡΑΝΤΕΒΟΥ!$I$3:$I$102, "<>Ακυρώθηκε") -> 2 | C12: =SUMIFS(ΡΑΝΤΕΒΟΥ!$G$3:$G$102, ΡΑΝΤΕΒΟΥ!$B$3:$B$102, $B$2, ΡΑΝΤΕΒΟΥ!$C$3:$C$102, "14:00", ΡΑΝΤΕΒΟΥ!$I$3:$I$102, "<>Ακυρώθηκε") -> 4150 | D12: =IF(C12>0, INT((C12+ΡΥΘΜΙΣΕΙΣ!$B$5-1)/ΡΥΘΜΙΣΕΙΣ!$B$5), 0) -> 7 | E12: =C12/ΡΥΘΜΙΣΕΙΣ!$B$8 -> 0.98809524 | F12: =IF(C12>ΡΥΘΜΙΣΕΙΣ!$B$8, "ΥΠΕΡΒΑΣΗ ΧΩΡΗΤΙΚΟΤΗΤΑΣ", "ΚΑΝΟΝΙΚΟ") -> ΚΑΝΟΝΙΚΟ
A13: 16:00 - 18:00 | B13: =COUNTIFS(ΡΑΝΤΕΒΟΥ!$B$3:$B$102, $B$2, ΡΑΝΤΕΒΟΥ!$C$3:$C$102, "16:00", ΡΑΝΤΕΒΟΥ!$I$3:$I$102, "<>Ακυρώθηκε") -> 0 | C13: =SUMIFS(ΡΑΝΤΕΒΟΥ!$G$3:$G$102, ΡΑΝΤΕΒΟΥ!$B$3:$B$102, $B$2, ΡΑΝΤΕΒΟΥ!$C$3:$C$102, "16:00", ΡΑΝΤΕΒΟΥ!$I$3:$I$102, "<>Ακυρώθηκε") -> 0 | D13: =IF(C13>0, INT((C13+ΡΥΘΜΙΣΕΙΣ!$B$5-1)/ΡΥΘΜΙΣΕΙΣ!$B$5), 0) -> 0 | E13: =C13/ΡΥΘΜΙΣΕΙΣ!$B$8 -> 0 | F13: =IF(C13>ΡΥΘΜΙΣΕΙΣ!$B$8, "ΥΠΕΡΒΑΣΗ ΧΩΡΗΤΙΚΟΤΗΤΑΣ", "ΚΑΝΟΝΙΚΟ") -> ΚΑΝΟΝΙΚΟ
A14: 18:00 - 20:00 | B14: =COUNTIFS(ΡΑΝΤΕΒΟΥ!$B$3:$B$102, $B$2, ΡΑΝΤΕΒΟΥ!$C$3:$C$102, "18:00", ΡΑΝΤΕΒΟΥ!$I$3:$I$102, "<>Ακυρώθηκε") -> 0 | C14: =SUMIFS(ΡΑΝΤΕΒΟΥ!$G$3:$G$102, ΡΑΝΤΕΒΟΥ!$B$3:$B$102, $B$2, ΡΑΝΤΕΒΟΥ!$C$3:$C$102, "18:00", ΡΑΝΤΕΒΟΥ!$I$3:$I$102, "<>Ακυρώθηκε") -> 0 | D14: =IF(C14>0, INT((C14+ΡΥΘΜΙΣΕΙΣ!$B$5-1)/ΡΥΘΜΙΣΕΙΣ!$B$5), 0) -> 0 | E14: =C14/ΡΥΘΜΙΣΕΙΣ!$B$8 -> 0 | F14: =IF(C14>ΡΥΘΜΙΣΕΙΣ!$B$8, "ΥΠΕΡΒΑΣΗ ΧΩΡΗΤΙΚΟΤΗΤΑΣ", "ΚΑΝΟΝΙΚΟ") -> ΚΑΝΟΝΙΚΟ
A15: 20:00 - 22:00 | B15: =COUNTIFS(ΡΑΝΤΕΒΟΥ!$B$3:$B$102, $B$2, ΡΑΝΤΕΒΟΥ!$C$3:$C$102, "20:00", ΡΑΝΤΕΒΟΥ!$I$3:$I$102, "<>Ακυρώθηκε") -> 0 | C15: =SUMIFS(ΡΑΝΤΕΒΟΥ!$G$3:$G$102, ΡΑΝΤΕΒΟΥ!$B$3:$B$102, $B$2, ΡΑΝΤΕΒΟΥ!$C$3:$C$102, "20:00", ΡΑΝΤΕΒΟΥ!$I$3:$I$102, "<>Ακυρώθηκε") -> 0 | D15: =IF(C15>0, INT((C15+ΡΥΘΜΙΣΕΙΣ!$B$5-1)/ΡΥΘΜΙΣΕΙΣ!$B$5), 0) -> 0 | E15: =C15/ΡΥΘΜΙΣΕΙΣ!$B$8 -> 0 | F15: =IF(C15>ΡΥΘΜΙΣΕΙΣ!$B$8, "ΥΠΕΡΒΑΣΗ ΧΩΡΗΤΙΚΟΤΗΤΑΣ", "ΚΑΝΟΝΙΚΟ") -> ΚΑΝΟΝΙΚΟ
A16: 22:00 - 00:00 | B16: =COUNTIFS(ΡΑΝΤΕΒΟΥ!$B$3:$B$102, $B$2, ΡΑΝΤΕΒΟΥ!$C$3:$C$102, "22:00", ΡΑΝΤΕΒΟΥ!$I$3:$I$102, "<>Ακυρώθηκε") -> 0 | C16: =SUMIFS(ΡΑΝΤΕΒΟΥ!$G$3:$G$102, ΡΑΝΤΕΒΟΥ!$B$3:$B$102, $B$2, ΡΑΝΤΕΒΟΥ!$C$3:$C$102, "22:00", ΡΑΝΤΕΒΟΥ!$I$3:$I$102, "<>Ακυρώθηκε") -> 0 | D16: =IF(C16>0, INT((C16+ΡΥΘΜΙΣΕΙΣ!$B$5-1)/ΡΥΘΜΙΣΕΙΣ!$B$5), 0) -> 0 | E16: =C16/ΡΥΘΜΙΣΕΙΣ!$B$8 -> 0 | F16: =IF(C16>ΡΥΘΜΙΣΕΙΣ!$B$8, "ΥΠΕΡΒΑΣΗ ΧΩΡΗΤΙΚΟΤΗΤΑΣ", "ΚΑΝΟΝΙΚΟ") -> ΚΑΝΟΝΙΚΟ
A17: ΗΜΕΡΗΣΙΟ ΣΥΝΟΛΟ: | B17: =SUM(B5:B16) -> 8 | C17: =SUM(C5:C16) -> 11850 | D17: =SUM(D5:D16) -> 20 | E17: =C17/ΡΥΘΜΙΣΕΙΣ!$B$10 -> 0.23511905 | F17: =IF(C17>ΡΥΘΜΙΣΕΙΣ!$B$10, "ΥΠΕΡΒΑΣΗ ΧΩΡΗΤΙΚΟΤΗΤΑΣ", "ΚΑΝΟΝΙΚΟ") -> ΚΑΝΟΝΙΚΟ

Sheet ΣΥΝΟΨΗ
A1: ΕΛΑΙΟΥΡΓΕΙΟ - ΠΙΝΑΚΑΣ ΕΛΕΓΧΟΥ (DASHBOARD)
A2: ΗΜΕΡΟΜΗΝΙΑ: | B2: ='ΗΜΕΡΗΣΙΟ ΠΡΟΓΡΑΜΜΑ'!B2 -> 46310
B4: ΣΗΜΕΡΙΝΆ ΡΑΝΤΕΒΟΎ | E4: ΣΥΝΟΛΙΚΉ ΠΟΣΌΤΗΤΑ | H4: ΜΈΓΙΣΤΗ ΗΜΕΡΉΣΙΑ ΧΩΡΗΤΙΚΌΤΗΤΑ
B5: =COUNTIFS(ΡΑΝΤΕΒΟΥ!$B$3:$B$102, $B$2) -> 8 | E5: =SUMIFS(ΡΑΝΤΕΒΟΥ!$G$3:$G$102, ΡΑΝΤΕΒΟΥ!$B$3:$B$102, $B$2, ΡΑΝΤΕΒΟΥ!$I$3:$I$102, "<>Ακυρώθηκε") -> 11850 | H5: =ΡΥΘΜΙΣΕΙΣ!B10 -> 50400
B7: ΣΕ ΑΝΑΜΟΝΉ | E7: ΣΕ ΕΠΕΞΕΡΓΑΣΊΑ / ΈΦΤΑΣΕ | H7: ΟΛΟΚΛΗΡΩΜΈΝΑ
B8: =COUNTIFS(ΡΑΝΤΕΒΟΥ!$B$3:$B$102, $B$2, ΡΑΝΤΕΒΟΥ!$I$3:$I$102, "Σε αναμονή") -> 5 | E8: =COUNTIFS(ΡΑΝΤΕΒΟΥ!$B$3:$B$102, $B$2, ΡΑΝΤΕΒΟΥ!$I$3:$I$102, "Έφτασε") + COUNTIFS(ΡΑΝΤΕΒΟΥ!$B$3:$B$102, $B$2, ΡΑΝΤΕΒΟΥ!$I$3:$I$102, "Σε επεξεργασία") -> 0 | H8: =COUNTIFS(ΡΑΝΤΕΒΟΥ!$B$3:$B$102, $B$2, ΡΑΝΤΕΒΟΥ!$I$3:$I$102, "Ολοκληρώθηκε") -> 0
B10: ΑΚΥΡΩΜΈΝΑ ΡΑΝΤΕΒΟΎ | E10: ΚΑΤΆΣΤΑΣΗ ΧΩΡΗΤΙΚΌΤΗΤΑΣ | H10: ΠΟΣΟΣΤΌ ΧΡΉΣΗΣ
B11: =COUNTIFS(ΡΑΝΤΕΒΟΥ!$B$3:$B$102, $B$2, ΡΑΝΤΕΒΟΥ!$I$3:$I$102, "Ακυρώθηκε") -> 0 | E11: =IF(E4>H4, "ΥΠΕΡΒΑΣΗ", "ΚΑΝΟΝΙΚΟ") -> ΥΠΕΡΒΑΣΗ | H11: =E5/H5 -> 0.23511905
A14: ΚΑΤΑΝΟΜΗ ΠΟΣΟΤΗΤΑΣ ΑΝΑ ΩΡΑ
A15: Ώρα | B15: Αριθμός Ραντεβού | C15: Ποσότητα (kg)
A16: 00:00 | B16: ='ΗΜΕΡΗΣΙΟ ΠΡΟΓΡΑΜΜΑ'!B5 -> 0 | C16: ='ΗΜΕΡΗΣΙΟ ΠΡΟΓΡΑΜΜΑ'!C5 -> 0
A17: 02:00 | B17: ='ΗΜΕΡΗΣΙΟ ΠΡΟΓΡΑΜΜΑ'!B6 -> 0 | C17: ='ΗΜΕΡΗΣΙΟ ΠΡΟΓΡΑΜΜΑ'!C6 -> 0
A18: 04:00 | B18: ='ΗΜΕΡΗΣΙΟ ΠΡΟΓΡΑΜΜΑ'!B7 -> 0 | C18: ='ΗΜΕΡΗΣΙΟ ΠΡΟΓΡΑΜΜΑ'!C7 -> 0
A19: 06:00 | B19: ='ΗΜΕΡΗΣΙΟ ΠΡΟΓΡΑΜΜΑ'!B8 -> 0 | C19: ='ΗΜΕΡΗΣΙΟ ΠΡΟΓΡΑΜΜΑ'!C8 -> 0
A20: 08:00 | B20: ='ΗΜΕΡΗΣΙΟ ΠΡΟΓΡΑΜΜΑ'!B9 -> 2 | C20: ='ΗΜΕΡΗΣΙΟ ΠΡΟΓΡΑΜΜΑ'!C9 -> 1800
A21: 10:00 | B21: ='ΗΜΕΡΗΣΙΟ ΠΡΟΓΡΑΜΜΑ'!B10 -> 3 | C21: ='ΗΜΕΡΗΣΙΟ ΠΡΟΓΡΑΜΜΑ'!C10 -> 5300
A22: 12:00 | B22: ='ΗΜΕΡΗΣΙΟ ΠΡΟΓΡΑΜΜΑ'!B11 -> 1 | C22: ='ΗΜΕΡΗΣΙΟ ΠΡΟΓΡΑΜΜΑ'!C11 -> 600
A23: 14:00 | B23: ='ΗΜΕΡΗΣΙΟ ΠΡΟΓΡΑΜΜΑ'!B12 -> 2 | C23: ='ΗΜΕΡΗΣΙΟ ΠΡΟΓΡΑΜΜΑ'!C12 -> 4150
A24: 16:00 | B24: ='ΗΜΕΡΗΣΙΟ ΠΡΟΓΡΑΜΜΑ'!B13 -> 0 | C24: ='ΗΜΕΡΗΣΙΟ ΠΡΟΓΡΑΜΜΑ'!C13 -> 0
A25: 18:00 | B25: ='ΗΜΕΡΗΣΙΟ ΠΡΟΓΡΑΜΜΑ'!B14 -> 0 | C25: ='ΗΜΕΡΗΣΙΟ ΠΡΟΓΡΑΜΜΑ'!C14 -> 0
A26: 20:00 | B26: ='ΗΜΕΡΗΣΙΟ ΠΡΟΓΡΑΜΜΑ'!B15 -> 0 | C26: ='ΗΜΕΡΗΣΙΟ ΠΡΟΓΡΑΜΜΑ'!C15 -> 0
A27: 22:00 | B27: ='ΗΜΕΡΗΣΙΟ ΠΡΟΓΡΑΜΜΑ'!B16 -> 0 | C27: ='ΗΜΕΡΗΣΙΟ ΠΡΟΓΡΑΜΜΑ'!C16 -> 0

Sheet ΡΥΘΜΙΣΕΙΣ
A1: ΣΤΟΙΧΕΙΑ ΕΡΓΟΣΤΑΣΙΟΥ & ΡΥΘΜΙΣΕΙΣ ΣΥΣΤΗΜΑΤΟΣ
A3: Παράμετρος | B3: Τιμή | C3: Μονάδα / Περιγραφή
A4: Αριθμός Μηχανημάτων | B4: 7 | C4: Τεμάχια
A5: Χωρητικότητα Μηχανήματος | B5: 600 | C5: Kg / Κύκλο
A6: Διάρκεια Έκθλιψης | B6: 2 | C6: Ώρες
A7: Ημερήσιος Χρόνος Λειτουργίας | B7: 24 | C7: Ώρες
A8: Μέγιστη Χωρητικότητα ανά Slot | B8: =B4*B5 -> 4200 | C8: Kg (7 × 600 kg = 4.200 kg)
A9: Ημερήσιος Αριθμός Slots (ανά Μηχανή) | B9: 12 | C9: Επεξεργασίες (24 ώρες / 2 ώρες)
A10: Συνολική Θεωρητική Ημερήσια Χωρητικότητα | B10: =B4*B9*B5 -> 50400 | C10: Kg Ελιών (50.400 kg)
A13: ΩΡΕΣ | C13: ΚΑΤΑΣΤΑΣΗ
A14: 00:00 | C14: Σε αναμονή
A15: 02:00 | C15: Έφτασε
A16: 04:00 | C16: Σε επεξεργασία
A17: 06:00 | C17: Ολοκληρώθηκε
A18: 08:00 | C18: Ακυρώθηκε
A19: 10:00
A20: 12:00
A21: 14:00
A22: 16:00
A23: 18:00
A24: 20:00
A25: 22:00
