Workbook
Name DoctorsList: Ρυθμίσεις!$C$4:$C$30
Name RoomsList: Ρυθμίσεις!$F$4:$F$10
Name TherapiesList: Ρυθμίσεις!$A$4:$A$50

Sheet Πρόγραμμα Ραντεβού
A1: ΣΥΣΤΗΜΑ ΔΙΑΧΕΙΡΙΣΗΣ ΡΑΝΤΕΒΟΥ & ΑΣΘΕΝΩΝ ΟΔΟΝΤΙΑΤΡΕΙΟΥ
A2: Ημερήσιος & Εβδομαδιαίος Πίνακας Διαχείρισης Ραντεβού
B4: Σύνολο Ραντεβού | D4: Ολοκληρωμένα | F4: Σε Αναμονή | H4: Ακυρωμένα | J4: Συνολικά Έσοδα (€) | L4: Εκκρεμές Υπόλοιπο (€)
B5: =COUNTIF(D8:D100,"<>") -> 9 | D5: =COUNTIF(I8:I100, "Ολοκληρώθηκε") -> 3 | F5: =COUNTIF(I8:I100, "Σε Αναμονή") -> 4 | H5: =COUNTIF(I8:I100, "Ακυρώθηκε") -> 1 | J5: =SUM(K8:K100) -> 490 | L5: =SUM(L8:L100) -> #VALUE!
A6: παιρνει αυτοματα id μετα από εισαγωγη ασθενου
A7: ID Ραντεβού | B7: Ημερομηνία | C7: Ώρα | D7: Ονοματεπώνυμο Ασθενούς | E7: Τηλέφωνο | F7: Θεραπεία / Εργασία | G7: Ιατρός | H7: Αίθουσα | I7: Κατάσταση | J7: Κόστος (€) | K7: Πληρώθηκε (€) | L7: Υπόλοιπο (€)
A8: =IF(D8="","", "RND-" & TEXT(1000 + ROW() - 7, "0000")) -> RND-1001 | B8: 46286 | C8: 0.375 | D8: Mike Oxlong | E8: xxxxxxxxxxx | F8: Εξαγωγή Δοντιού | G8: 1 | H8: Ιατρείο 1 | I8: Ολοκληρώθηκε | J8: =IF(F8="","",IFERROR(VLOOKUP(F8,Ρυθμίσεις!$A$4:$B$50,2,FALSE()),0)) -> 50 | K8: 50 | L8: =IF(D8="","",J8-K8) -> 0
A9: =IF(D9="","", "RND-" & TEXT(1000 + ROW() - 7, "0000")) -> RND-1002 | B9: 46286 | C9: 0.41666667 | D9: Mike Oxlong | E9: xxxxxxxxxxx | F9: Απονεύρωση | G9: 2 | H9: Ιατρείο 2 | I9: Ολοκληρώθηκε | J9: =IF(F9="","",IFERROR(VLOOKUP(F9,Ρυθμίσεις!$A$4:$B$50,2,FALSE()),0)) -> 120 | K9: 120 | L9: =IF(D9="","",J9-K9) -> 0
A10: =IF(D10="","", "RND-" & TEXT(1000 + ROW() - 7, "0000")) -> RND-1003 | B10: 46286 | C10: 0.47916667 | D10: Mike Oxlong | E10: xxxxxxxxxxx | F10: Καθαρισμός | G10: 3 | H10: Ιατρείο 1 | I10: Σε Αναμονή | J10: =IF(F10="","",IFERROR(VLOOKUP(F10,Ρυθμίσεις!$A$4:$B$50,2,FALSE()),0)) -> 40 | K10: 0 | L10: =IF(D10="","",J10-K10) -> 40
A11: =IF(D11="","", "RND-" & TEXT(1000 + ROW() - 7, "0000")) -> RND-1004 | B11: 46286 | C11: 0.58333333 | D11: Mike Oxlong | E11: xxxxxxxxxxx | F11: Θήκη Ζιρκονίου | G11: 3 | H11: Ιατρείο 1 | I11: Σε Αναμονή | J11: =IF(F11="","",IFERROR(VLOOKUP(F11,Ρυθμίσεις!$A$4:$B$50,2,FALSE()),0)) -> 250 | K11: 100 | L11: =IF(D11="","",J11-K11) -> 150
A12: =IF(D12="","", "RND-" & TEXT(1000 + ROW() - 7, "0000")) -> RND-1005 | B12: 46286 | C12: 0.64583333 | D12: Mike Oxlong | E12: xxxxxxxxxxx | F12: Σφράγισμα | G12: 1 | H12: Ιατρείο 2 | I12: Ακυρώθηκε | J12: =IF(F12="","",IFERROR(VLOOKUP(F12,Ρυθμίσεις!$A$4:$B$50,2,FALSE()),0)) -> 60 | K12: 0 | L12: =IF(D12="","",J12-K12) -> 60
A13: =IF(D13="","", "RND-" & TEXT(1000 + ROW() - 7, "0000")) -> RND-1006 | B13: 46287 | C13: 0.39583333 | D13: Mike Oxlong | E13: xxxxxxxxxxx | F13: Εξέταση / Διάγνωση | G13: 3 | H13: Ιατρείο 3 | I13: Ολοκληρώθηκε | J13: =IF(F13="","",IFERROR(VLOOKUP(F13,Ρυθμίσεις!$A$4:$B$50,2,FALSE()),0)) -> 20 | K13: 20 | L13: =IF(D13="","",J13-K13) -> 0
A14: =IF(D14="","", "RND-" & TEXT(1000 + ROW() - 7, "0000")) -> RND-1007 | B14: 46287 | C14: 0.45833333 | D14: Mike Oxlong | E14: xxxxxxxxxxx | F14: Λεύκανση | G14: 1 | H14: Ιατρείο 1 | I14: Σε Αναμονή | J14: =IF(F14="","",IFERROR(VLOOKUP(F14,Ρυθμίσεις!$A$4:$B$50,2,FALSE()),0)) -> 150 | K14: 150 | L14: =IF(D14="","",J14-K14) -> 0
A15: =IF(D15="","", "RND-" & TEXT(1000 + ROW() - 7, "0000")) -> RND-1008 | B15: 46287 | C15: 0.60416667 | D15: Mike Oxlong | E15: xxxxxxxxxxx | F15: Εξαγωγή Δοντιού | G15: 1 | H15: Ιατρείο 2 | I15: Σε Αναμονή | J15: =IF(F15="","",IFERROR(VLOOKUP(F15,Ρυθμίσεις!$A$4:$B$50,2,FALSE()),0)) -> 50 | K15: 50 | L15: =IF(D15="","",J15-K15) -> 0
A16: =IF(D16="","", "RND-" & TEXT(1000 + ROW() - 7, "0000")) -> RND-1009 | B16: 46287 | C16: 0.60416667 | D16: Mike Oxlong | J16: =IF(F16="","",IFERROR(VLOOKUP(F16,Ρυθμίσεις!$A$4:$B$50,2,FALSE()),0)) | L16: =IF(D16="","",J16-K16) -> #VALUE!
A17: =IF(D17="","", "RND-" & TEXT(1000 + ROW() - 7, "0000")) | J17: =IF(F17="","",IFERROR(VLOOKUP(F17,Ρυθμίσεις!$A$4:$B$50,2,FALSE()),0)) | L17: =IF(D17="","",J17-K17)
A18: =IF(D18="","", "RND-" & TEXT(1000 + ROW() - 7, "0000")) | J18: =IF(F18="","",IFERROR(VLOOKUP(F18,Ρυθμίσεις!$A$4:$B$50,2,FALSE()),0)) | L18: =IF(D18="","",J18-K18)
A19: =IF(D19="","", "RND-" & TEXT(1000 + ROW() - 7, "0000")) | J19: =IF(F19="","",IFERROR(VLOOKUP(F19,Ρυθμίσεις!$A$4:$B$50,2,FALSE()),0)) | L19: =IF(D19="","",J19-K19)
A20: =IF(D20="","", "RND-" & TEXT(1000 + ROW() - 7, "0000")) | J20: =IF(F20="","",IFERROR(VLOOKUP(F20,Ρυθμίσεις!$A$4:$B$50,2,FALSE()),0)) | L20: =IF(D20="","",J20-K20)
A21: =IF(D21="","", "RND-" & TEXT(1000 + ROW() - 7, "0000")) | J21: =IF(F21="","",IFERROR(VLOOKUP(F21,Ρυθμίσεις!$A$4:$B$50,2,FALSE()),0)) | L21: =IF(D21="","",J21-K21)
A22: =IF(D22="","", "RND-" & TEXT(1000 + ROW() - 7, "0000")) | J22: =IF(F22="","",IFERROR(VLOOKUP(F22,Ρυθμίσεις!$A$4:$B$50,2,FALSE()),0)) | L22: =IF(D22="","",J22-K22)
A23: =IF(D23="","", "RND-" & TEXT(1000 + ROW() - 7, "0000")) | J23: =IF(F23="","",IFERROR(VLOOKUP(F23,Ρυθμίσεις!$A$4:$B$50,2,FALSE()),0)) | L23: =IF(D23="","",J23-K23)
A24: =IF(D24="","", "RND-" & TEXT(1000 + ROW() - 7, "0000")) | J24: =IF(F24="","",IFERROR(VLOOKUP(F24,Ρυθμίσεις!$A$4:$B$50,2,FALSE()),0)) | L24: =IF(D24="","",J24-K24)
A25: =IF(D25="","", "RND-" & TEXT(1000 + ROW() - 7, "0000")) | J25: =IF(F25="","",IFERROR(VLOOKUP(F25,Ρυθμίσεις!$A$4:$B$50,2,FALSE()),0)) | L25: =IF(D25="","",J25-K25)
A26: =IF(D26="","", "RND-" & TEXT(1000 + ROW() - 7, "0000")) | J26: =IF(F26="","",IFERROR(VLOOKUP(F26,Ρυθμίσεις!$A$4:$B$50,2,FALSE()),0)) | L26: =IF(D26="","",J26-K26)
A27: =IF(D27="","", "RND-" & TEXT(1000 + ROW() - 7, "0000")) | J27: =IF(F27="","",IFERROR(VLOOKUP(F27,Ρυθμίσεις!$A$4:$B$50,2,FALSE()),0)) | L27: =IF(D27="","",J27-K27)
A28: =IF(D28="","", "RND-" & TEXT(1000 + ROW() - 7, "0000")) | J28: =IF(F28="","",IFERROR(VLOOKUP(F28,Ρυθμίσεις!$A$4:$B$50,2,FALSE()),0)) | L28: =IF(D28="","",J28-K28)
... A100: =IF(D100="","", "RND-" & TEXT(1000 + ROW() - 7, "0000")) | J100: =IF(F100="","",IFERROR(VLOOKUP(F100,Ρυθμίσεις!$A$4:$B$50,2,FALSE()),0)) | L100: =IF(D100="","",J100-K100)

Sheet Ρυθμίσεις
A1: ΡΥΘΜΙΣΕΙΣ ΚΛΙΝΙΚΗΣ & ΙΑΤΡΩΝ
A3: Λίστα Θεραπειών / Εργασιών | B3: Προκαθορισμένο Κόστος | C3: Λίστα Ιατρών | D3: Ειδικότητα | F3: Λίστα Αιθουσών
A4: Εξέταση / Διάγνωση | B4: 20 | C4: 1 | D4: Γναθοχειρουργός | F4: Ιατρείο 1
A5: Καθαρισμός | B5: 40 | C5: 2 | D5: Ενδοδοντολόγος | F5: Ιατρείο 2
A6: Σφράγισμα | B6: 60 | C6: 3 | D6: Γενικός Οδοντίατρος | F6: Ιατρείο 3
A7: Απονεύρωση | B7: 120 | C7: 4 | D7: Ορθοδοντικός | F7: Ιατρείο 4
A8: Εξαγωγή Δοντιού | B8: 50
A9: Εξαγωγή Φρονιμίτη | B9: 100
A10: Θήκη Ζιρκονίου | B10: 250
A11: Εμφύτευμα | B11: 600
A12: Λεύκανση | B12: 150
